"id";"nom";"prenom";"email"
1;"Ilario";"Elsmere";"ielsmere0@edublogs.org"
2;"Sawyer";"Kingswell";"skingswell1@whitehouse.gov"
3;"Candis";"Whyatt";"cwhyatt2@harvard.edu"
4;"Jandy";"Bellany";"jbellany3@mediafire.com"
5;"Quinlan";"Cowpertwait";"qcowpertwait4@shutterfly.com"
6;"Lorrie";"Waywell";"lwaywell5@prlog.org"
7;"Fabe";"Depper";"fdepper6@yale.edu"
8;"Natalya";"Whysall";"nwhysall7@lulu.com"
9;"Waylon";"Kovnot";"wkovnot8@msu.edu"
10;"Bink";"Everingham";"beveringham9@illinois.edu"
11;"Harland";"Mottini";"hmottinia@latimes.com"
12;"Bordie";"Tomovic";"btomovicb@netscape.com"
13;"Stafford";"Malbon";"smalbonc@networkadvertising.org"
14;"Glenna";"Titlow";"gtitlowd@typepad.com"
15;"Nataline";"Clears";"nclearse@de.vu"
16;"Sigfrid";"Pavitt";"spavittf@samsung.com"
17;"Penny";"Curado";"pcuradog@myspace.com"
18;"Jo";"Simmers";"jsimmersh@uiuc.edu"
19;"Laureen";"Huston";"lhustoni@cdc.gov"
20;"Steven";"Edmonson";"sedmonsonj@purevolume.com"
21;"Elise";"Tunnah";"etunnahk@plala.or.jp"
22;"Vicky";"Slyme";"vslymel@virginia.edu"
23;"Clementina";"Fermor";"cfermorm@1und1.de"
24;"Caryn";"Gennings";"cgenningsn@issuu.com"
25;"Yvon";"Tallyn";"ytallyno@joomla.org"
26;"Beilul";"Balls";"bballsp@senate.gov"
27;"Paige";"Abbs";"pabbsq@biblegateway.com"
28;"Husain";"Geddis";"hgeddisr@geocities.com"
29;"Mignonne";"Wrack";"mwracks@theatlantic.com"
30;"Tally";"Muttitt";"tmuttittt@etsy.com"
31;"Alex";"Lednor";"alednoru@npr.org"
32;"Annemarie";"McKennan";"amckennanv@ebay.com"
33;"Andreana";"McSporrin";"amcsporrinw@yolasite.com"
34;"Morgana";"Sissens";"msissensx@cmu.edu"
35;"Clio";"Sammonds";"csammondsy@apple.com"
36;"Gradey";"Dorrian";"gdorrianz@parallels.com"
37;"Xymenes";"Sides";"xsides10@free.fr"
38;"Standford";"Westmancoat";"swestmancoat11@flavors.me"
39;"Kristina";"Gumm";"kgumm12@trellian.com"
40;"Byrle";"Olivier";"bolivier13@cafepress.com"
41;"Lavena";"Parradice";"lparradice14@yahoo.com"
42;"Ray";"Filisov";"rfilisov15@imageshack.us"
43;"Aloysius";"Hugueville";"ahugueville16@army.mil"
44;"Eadith";"Castanie";"ecastanie17@people.com.cn"
45;"Cammi";"Roddick";"croddick18@yellowbook.com"
46;"Barnie";"Olin";"bolin19@oakley.com"
47;"Robenia";"Amiss";"ramiss1a@about.com"
48;"Parker";"Martinat";"pmartinat1b@utexas.edu"
49;"Abran";"Paffitt";"apaffitt1c@jugem.jp"
50;"Winnifred";"Maffei";"wmaffei1d@fema.gov"
51;"Salomone";"Shoebottom";"sshoebottom1e@livejournal.com"
52;"Codee";"Stansbie";"cstansbie1f@hexun.com"
53;"Starla";"Wagerfield";"swagerfield1g@howstuffworks.com"
54;"Farrah";"Osgordby";"fosgordby1h@cdc.gov"
55;"Erny";"Tollet";"etollet1i@wisc.edu"
56;"Donn";"Coleiro";"dcoleiro1j@deviantart.com"
57;"Ulrich";"Brandle";"ubrandle1k@craigslist.org"
58;"Morganica";"Brinkman";"mbrinkman1l@skyrock.com"
59;"Jeralee";"Bonner";"jbonner1m@multiply.com"
60;"Malvin";"Yoslowitz";"myoslowitz1n@blogger.com"
61;"Ericka";"Odney";"eodney1o@goo.gl"
62;"Jaymie";"Von Helmholtz";"jvonhelmholtz1p@cdc.gov"
63;"Iormina";"Hoyle";"ihoyle1q@cnet.com"
64;"Eloisa";"Wylam";"ewylam1r@nyu.edu"
65;"Abdel";"Chmarny";"achmarny1s@dropbox.com"
66;"Waldon";"Trowill";"wtrowill1t@cafepress.com"
67;"Forester";"MacDiarmond";"fmacdiarmond1u@mlb.com"
68;"Clem";"Thunderman";"cthunderman1v@google.com.hk"
69;"Myrtice";"Tyght";"mtyght1w@wired.com"
70;"Dulciana";"Snarie";"dsnarie1x@domainmarket.com"
71;"Leanna";"Pinilla";"lpinilla1y@tuttocitta.it"
72;"Charla";"Pavolini";"cpavolini1z@hexun.com"
73;"Lombard";"De Fries";"ldefries20@cdc.gov"
74;"Kristopher";"Braidford";"kbraidford21@edublogs.org"
75;"Angy";"Auston";"aauston22@bigcartel.com"
76;"Gwen";"Hinkes";"ghinkes23@godaddy.com"
77;"Marielle";"Bartholomew";"mbartholomew24@prweb.com"
78;"Randy";"Boldecke";"rboldecke25@accuweather.com"
79;"Debora";"Pridie";"dpridie26@blinklist.com"
80;"Tresa";"Cragg";"tcragg27@ifeng.com"
81;"Meryl";"Scantlebury";"mscantlebury28@odnoklassniki.ru"
82;"Fredrika";"Kahn";"fkahn29@stumbleupon.com"
83;"Davis";"Trout";"dtrout2a@paginegialle.it"
84;"Vitia";"Olive";"volive2b@bravesites.com"
85;"Shelby";"Graddon";"sgraddon2c@google.it"
86;"Wallie";"Anelay";"wanelay2d@fda.gov"
87;"Lennard";"Macallam";"lmacallam2e@mozilla.org"
88;"Kenny";"Danter";"kdanter2f@geocities.com"
89;"Cirstoforo";"Braiden";"cbraiden2g@fastcompany.com"
90;"Morgana";"Overstreet";"moverstreet2h@skyrock.com"
91;"Yoshi";"Kneafsey";"ykneafsey2i@twitpic.com"
92;"Page";"Booley";"pbooley2j@infoseek.co.jp"
93;"Hedvige";"Barfitt";"hbarfitt2k@plala.or.jp"
94;"Ingunna";"Rowbotham";"irowbotham2l@earthlink.net"
95;"Nerissa";"Sawl";"nsawl2m@tumblr.com"
96;"Gloriana";"Stepto";"gstepto2n@last.fm"
97;"Mel";"Artist";"martist2o@cmu.edu"
98;"Nettle";"Drews";"ndrews2p@microsoft.com"
99;"Cicely";"Rathke";"crathke2q@comsenz.com"
100;"Cybil";"Cathcart";"ccathcart2r@yelp.com"
101;"Kacie";"Holton";"kholton2s@soundcloud.com"
102;"Nedda";"Gjerde";"ngjerde2t@irs.gov"
103;"Virge";"Quibell";"vquibell2u@mysql.com"
104;"Frasier";"Chaudron";"fchaudron2v@samsung.com"
105;"Mead";"Fink";"mfink2w@theguardian.com"
106;"Sayres";"Walhedd";"swalhedd2x@hubpages.com"
107;"Darelle";"Spikins";"dspikins2y@amazon.co.uk"
108;"Winifield";"Trent";"wtrent2z@chicagotribune.com"
109;"Ibbie";"Ughini";"iughini30@digg.com"
110;"Sydney";"Gascoine";"sgascoine31@cisco.com"
111;"Constanta";"Stannett";"cstannett32@wiley.com"
112;"Aldrich";"Inett";"ainett33@nyu.edu"
113;"Marnia";"Kalaher";"mkalaher34@cisco.com"
114;"Kippy";"McConnulty";"kmcconnulty35@merriam-webster.com"
115;"Gustaf";"Noyce";"gnoyce36@state.tx.us"
116;"Gae";"Mateiko";"gmateiko37@ebay.co.uk"
117;"Charmane";"Cremer";"ccremer38@va.gov"
118;"Hildegaard";"McCrorie";"hmccrorie39@aol.com"
119;"Roshelle";"Guly";"rguly3a@devhub.com"
120;"Kerr";"Kinton";"kkinton3b@cnet.com"
121;"Georges";"Boner";"gboner3c@mozilla.com"
122;"Audie";"Boays";"aboays3d@narod.ru"
123;"Simone";"Dobney";"sdobney3e@linkedin.com"
124;"Rosco";"Gaunt";"rgaunt3f@wp.com"
125;"Lida";"Campling";"lcampling3g@toplist.cz"
126;"Alana";"Beisley";"abeisley3h@usa.gov"
127;"Corene";"Ewings";"cewings3i@wordpress.com"
128;"Amandi";"Stevani";"astevani3j@loc.gov"
129;"Clarice";"Vannini";"cvannini3k@de.vu"
130;"Genna";"Lamboll";"glamboll3l@about.me"
131;"Clem";"Choldcroft";"ccholdcroft3m@hostgator.com"
132;"Juline";"Tremaine";"jtremaine3n@cisco.com"
133;"Lauren";"Loughton";"lloughton3o@ox.ac.uk"
134;"Lorraine";"Naylor";"lnaylor3p@topsy.com"
135;"Brittaney";"Bonafant";"bbonafant3q@theatlantic.com"
136;"Isabel";"Bratten";"ibratten3r@weibo.com"
137;"Timmie";"Lemanu";"tlemanu3s@ehow.com"
138;"Bryn";"Slemmonds";"bslemmonds3t@google.co.uk"
139;"Dorisa";"Rapport";"drapport3u@microsoft.com"
140;"Inglebert";"Beek";"ibeek3v@sciencedirect.com"
141;"Rhoda";"Costard";"rcostard3w@skype.com"
142;"Jojo";"Sellner";"jsellner3x@godaddy.com"
143;"Krishnah";"Veneur";"kveneur3y@tmall.com"
144;"Janeta";"Wilkowski";"jwilkowski3z@usnews.com"
145;"Alla";"Lebrun";"alebrun40@theatlantic.com"
146;"Catherina";"McDermott";"cmcdermott41@smh.com.au"
147;"Kristel";"Jumonet";"kjumonet42@google.ca"
148;"Basil";"McQuilkin";"bmcquilkin43@wisc.edu"
149;"Trudy";"Croote";"tcroote44@mapy.cz"
150;"Liva";"Mathieu";"lmathieu45@businessweek.com"
151;"Gibb";"Hutchens";"ghutchens46@baidu.com"
152;"Corliss";"Siburn";"csiburn47@theglobeandmail.com"
153;"Skell";"MacKettrick";"smackettrick48@nydailynews.com"
154;"Joelie";"Dallman";"jdallman49@businesswire.com"
155;"Reidar";"Dovington";"rdovington4a@devhub.com"
156;"Egor";"Yewman";"eyewman4b@uol.com.br"
157;"Brady";"Hollington";"bhollington4c@com.com"
158;"Rriocard";"Phizaclea";"rphizaclea4d@wisc.edu"
159;"Katrine";"Sansom";"ksansom4e@newsvine.com"
160;"Carole";"Linnit";"clinnit4f@t.co"
161;"Franky";"Tindley";"ftindley4g@netvibes.com"
162;"Sigismund";"Stainsby";"sstainsby4h@typepad.com"
163;"Hyatt";"Yerbury";"hyerbury4i@intel.com"
164;"Burr";"Hadingham";"bhadingham4j@ebay.co.uk"
165;"Doralyn";"Pincott";"dpincott4k@archive.org"
166;"Karole";"Scripture";"kscripture4l@yale.edu"
167;"Early";"Fellini";"efellini4m@mapquest.com"
168;"Amery";"Easeman";"aeaseman4n@ed.gov"
169;"Torrey";"Fleetham";"tfleetham4o@usa.gov"
170;"Fanni";"Pierce";"fpierce4p@woothemes.com"
171;"Ashley";"Graysmark";"agraysmark4q@reference.com"
172;"Izaak";"Duffet";"iduffet4r@live.com"
173;"Liz";"Dikes";"ldikes4s@addthis.com"
174;"Trudy";"Andrea";"tandrea4t@salon.com"
175;"Estell";"Dabling";"edabling4u@uiuc.edu"
176;"Stefano";"Eshelby";"seshelby4v@wordpress.org"
177;"Hewitt";"Shevlane";"hshevlane4w@google.ru"
178;"Ivory";"Pollendine";"ipollendine4x@nationalgeographic.com"
179;"Fiann";"Van de Velde";"fvandevelde4y@godaddy.com"
180;"Merlina";"Arstingall";"marstingall4z@techcrunch.com"
181;"Zolly";"Brotherhead";"zbrotherhead50@intel.com"
182;"Whitney";"Dericot";"wdericot51@soundcloud.com"
183;"Odetta";"Chappelle";"ochappelle52@narod.ru"
184;"Noelle";"Ferrillio";"nferrillio53@bloomberg.com"
185;"Clarette";"Emberton";"cemberton54@narod.ru"
186;"Michaeline";"Hannabus";"mhannabus55@123-reg.co.uk"
187;"Filberto";"Ruslin";"fruslin56@google.de"
188;"Daryl";"Renison";"drenison57@alibaba.com"
189;"Honoria";"Lofty";"hlofty58@cdc.gov"
190;"Tedmund";"Durdan";"tdurdan59@elpais.com"
191;"Myranda";"Pollard";"mpollard5a@altervista.org"
192;"Abelard";"Garfield";"agarfield5b@ezinearticles.com"
193;"Erinn";"Shakesby";"eshakesby5c@cbc.ca"
194;"Alano";"McClory";"amcclory5d@msn.com"
195;"Darryl";"Edmonston";"dedmonston5e@soundcloud.com"
196;"Aime";"De Vuyst";"adevuyst5f@webs.com"
197;"Maggi";"Jowitt";"mjowitt5g@thetimes.co.uk"
198;"Tommie";"Bahia";"tbahia5h@meetup.com"
199;"Gabe";"Blowers";"gblowers5i@mozilla.org"
200;"Hal";"O'Reilly";"horeilly5j@pinterest.com"
201;"Saudra";"O'Hollegan";"sohollegan5k@multiply.com"
202;"Jennilee";"Subhan";"jsubhan5l@cnet.com"
203;"Pavia";"Bassano";"pbassano5m@cnbc.com"
204;"Bella";"Pebworth";"bpebworth5n@google.ca"
205;"Pepi";"Pickover";"ppickover5o@friendfeed.com"
206;"Gene";"Linstead";"glinstead5p@addtoany.com"
207;"Pierrette";"McClifferty";"pmcclifferty5q@smugmug.com"
208;"Virginie";"Gavagan";"vgavagan5r@skyrock.com"
209;"Dido";"Wessell";"dwessell5s@goo.ne.jp"
210;"Kalinda";"Baudon";"kbaudon5t@over-blog.com"
211;"Katya";"Polfer";"kpolfer5u@addtoany.com"
212;"Noel";"Mathet";"nmathet5v@booking.com"
213;"Swen";"Urrey";"surrey5w@simplemachines.org"
214;"Mickie";"Alenichicov";"malenichicov5x@merriam-webster.com"
215;"Michel";"Thiolier";"mthiolier5y@ed.gov"
216;"Mata";"Gallardo";"mgallardo5z@cyberchimps.com"
217;"Hamilton";"Marlin";"hmarlin60@blinklist.com"
218;"Rosalind";"Bouldstridge";"rbouldstridge61@sphinn.com"
219;"Luci";"Roark";"lroark62@eepurl.com"
220;"Raynard";"Lintot";"rlintot63@cbsnews.com"
221;"Butch";"Harlick";"bharlick64@ftc.gov"
222;"Wynnie";"Gyrgorcewicx";"wgyrgorcewicx65@hibu.com"
223;"Belita";"Desesquelle";"bdesesquelle66@state.gov"
224;"Vonni";"Neville";"vneville67@samsung.com"
225;"Vally";"Townrow";"vtownrow68@xinhuanet.com"
226;"Giacinta";"Harvatt";"gharvatt69@free.fr"
227;"Konstanze";"Vanelli";"kvanelli6a@vinaora.com"
228;"Phyllis";"Bandy";"pbandy6b@telegraph.co.uk"
229;"Blair";"Rosewarne";"brosewarne6c@soundcloud.com"
230;"Kennith";"Bohike";"kbohike6d@guardian.co.uk"
231;"Modesty";"Binfield";"mbinfield6e@cdc.gov"
232;"Mikel";"Piche";"mpiche6f@hexun.com"
233;"Bernadette";"Everall";"beverall6g@census.gov"
234;"Cristen";"Biddleston";"cbiddleston6h@springer.com"
235;"Tove";"Turbitt";"tturbitt6i@wordpress.org"
236;"Saleem";"Flaws";"sflaws6j@studiopress.com"
237;"Katalin";"Brogden";"kbrogden6k@un.org"
238;"Candra";"Errol";"cerrol6l@bizjournals.com"
239;"Dar";"Varnals";"dvarnals6m@tuttocitta.it"
240;"Grannie";"Dohmann";"gdohmann6n@yandex.ru"
241;"Enrico";"Fried";"efried6o@paypal.com"
242;"Camille";"Gregson";"cgregson6p@eepurl.com"
243;"Filip";"Feasby";"ffeasby6q@networksolutions.com"
244;"Sibelle";"Pautot";"spautot6r@theguardian.com"
245;"Catarina";"Spratley";"cspratley6s@prnewswire.com"
246;"Sadella";"Rickman";"srickman6t@deliciousdays.com"
247;"Ricoriki";"Hallawell";"rhallawell6u@earthlink.net"
248;"Merrill";"Rakestraw";"mrakestraw6v@bloglovin.com"
249;"Merissa";"Bastian";"mbastian6w@chronoengine.com"
250;"Basilio";"Finlan";"bfinlan6x@woothemes.com"
251;"Charlena";"Guislin";"cguislin6y@imgur.com"
252;"Buddie";"Antuoni";"bantuoni6z@xing.com"
253;"Mattie";"Gehrts";"mgehrts70@odnoklassniki.ru"
254;"Corey";"Durdle";"cdurdle71@time.com"
255;"Gun";"Dunbleton";"gdunbleton72@nydailynews.com"
256;"Ranee";"Livingstone";"rlivingstone73@samsung.com"
257;"Arnoldo";"Luffman";"aluffman74@eventbrite.com"
258;"Catina";"Rydzynski";"crydzynski75@zdnet.com"
259;"Therine";"Kemmer";"tkemmer76@nps.gov"
260;"Itch";"Peirpoint";"ipeirpoint77@google.fr"
261;"Stoddard";"Alenov";"salenov78@yolasite.com"
262;"Nesta";"La Grange";"nlagrange79@adobe.com"
263;"Serene";"Barbey";"sbarbey7a@pen.io"
264;"Danny";"Poyntz";"dpoyntz7b@cargocollective.com"
265;"Gavrielle";"Domenc";"gdomenc7c@businessinsider.com"
266;"Mallissa";"Kemer";"mkemer7d@list-manage.com"
267;"Enriqueta";"McPaik";"emcpaik7e@themeforest.net"
268;"Briana";"Chetham";"bchetham7f@pinterest.com"
269;"Blondell";"Bonifazio";"bbonifazio7g@cbsnews.com"
270;"Laney";"Corstorphine";"lcorstorphine7h@com.com"
271;"Elbert";"Kyme";"ekyme7i@wired.com"
272;"Deeyn";"Bythway";"dbythway7j@youtube.com"
273;"Dagny";"Le Houx";"dlehoux7k@oakley.com"
274;"Denys";"Crothers";"dcrothers7l@discuz.net"
275;"Melamie";"Plank";"mplank7m@disqus.com"
276;"Bernie";"Lubman";"blubman7n@ucoz.com"
277;"Norby";"Gorling";"ngorling7o@cisco.com"
278;"Nichol";"Culver";"nculver7p@businessweek.com"
279;"Collete";"Crannis";"ccrannis7q@cdc.gov"
280;"Phoebe";"Harwick";"pharwick7r@patch.com"
281;"Janis";"Maclaine";"jmaclaine7s@rakuten.co.jp"
282;"Mal";"Drury";"mdrury7t@i2i.jp"
283;"Bentlee";"Glencrosche";"bglencrosche7u@1688.com"
284;"Siusan";"Ganderton";"sganderton7v@home.pl"
285;"Aldrich";"Egginson";"aegginson7w@hatena.ne.jp"
286;"Gilbertina";"Cardenosa";"gcardenosa7x@github.com"
287;"Brockie";"Seear";"bseear7y@icio.us"
288;"Juan";"Steptowe";"jsteptowe7z@photobucket.com"
289;"Mildred";"Gother";"mgother80@mtv.com"
290;"Ki";"Bruggeman";"kbruggeman81@yellowbook.com"
291;"Janine";"Piris";"jpiris82@ameblo.jp"
292;"Anthiathia";"Tunnicliffe";"atunnicliffe83@boston.com"
293;"Rheta";"MacCulloch";"rmacculloch84@usgs.gov"
294;"Merna";"Keedy";"mkeedy85@sina.com.cn"
295;"Jo-anne";"Trevaskis";"jtrevaskis86@last.fm"
296;"Romain";"Tidy";"rtidy87@ezinearticles.com"
297;"Juditha";"Mont";"jmont88@vinaora.com"
298;"Gail";"Klimowski";"gklimowski89@si.edu"
299;"Giovanna";"Derisley";"gderisley8a@tamu.edu"
300;"Dore";"Sivil";"dsivil8b@chron.com"
301;"Keefer";"Mallock";"kmallock8c@webmd.com"
302;"Selina";"Canet";"scanet8d@weather.com"
303;"Maura";"Kruse";"mkruse8e@people.com.cn"
304;"Allissa";"Este";"aeste8f@reverbnation.com"
305;"Frankie";"Connue";"fconnue8g@merriam-webster.com"
306;"Ralina";"Gillibrand";"rgillibrand8h@mozilla.com"
307;"Linda";"Humpherston";"lhumpherston8i@weather.com"
308;"Marthe";"Whales";"mwhales8j@indiegogo.com"
309;"Adel";"Bamlett";"abamlett8k@usnews.com"
310;"Claudine";"Van Cassel";"cvancassel8l@mayoclinic.com"
311;"Cassy";"Pollak";"cpollak8m@google.nl"
312;"Courtenay";"Sandifer";"csandifer8n@zdnet.com"
313;"Quinlan";"Stollenbeck";"qstollenbeck8o@loc.gov"
314;"Jania";"Glasscoe";"jglasscoe8p@blogs.com"
315;"Ban";"Atterley";"batterley8q@msn.com"
316;"Lowe";"Savoury";"lsavoury8r@prnewswire.com"
317;"Stillmann";"Aguirre";"saguirre8s@ft.com"
318;"Gherardo";"Abramowitch";"gabramowitch8t@freewebs.com"
319;"Adrianna";"Kropp";"akropp8u@creativecommons.org"
320;"Paulie";"Duffie";"pduffie8v@chronoengine.com"
321;"Toby";"Nern";"tnern8w@ihg.com"
322;"Glenna";"Runsey";"grunsey8x@webmd.com"
323;"Bren";"Tinklin";"btinklin8y@t.co"
324;"Janessa";"Born";"jborn8z@answers.com"
325;"Emerson";"Cootes";"ecootes90@paginegialle.it"
326;"Almeta";"Roelofsen";"aroelofsen91@vk.com"
327;"Koral";"Steel";"ksteel92@reverbnation.com"
328;"Ebba";"Fairbrother";"efairbrother93@i2i.jp"
329;"Maryl";"Ringrose";"mringrose94@mashable.com"
330;"Cleopatra";"Goodall";"cgoodall95@multiply.com"
331;"Deny";"Stockey";"dstockey96@smugmug.com"
332;"Gonzales";"Trowl";"gtrowl97@harvard.edu"
333;"Joane";"Gheeorghie";"jgheeorghie98@google.co.uk"
334;"Garnette";"Bartak";"gbartak99@ed.gov"
335;"Briant";"Gerrish";"bgerrish9a@weather.com"
336;"Milo";"Readwing";"mreadwing9b@irs.gov"
337;"Markos";"Matczak";"mmatczak9c@nyu.edu"
338;"Gerry";"McGarvey";"gmcgarvey9d@mapquest.com"
339;"Maurits";"Beushaw";"mbeushaw9e@shinystat.com"
340;"Karol";"Wainscot";"kwainscot9f@tinyurl.com"
341;"Blake";"Jimmes";"bjimmes9g@wordpress.com"
342;"Felic";"Hriinchenko";"fhriinchenko9h@surveymonkey.com"
343;"Estrellita";"McCafferky";"emccafferky9i@theguardian.com"
344;"Caritta";"Franceschielli";"cfranceschielli9j@foxnews.com"
345;"Chrissie";"Curtois";"ccurtois9k@etsy.com"
346;"Jabez";"Cambridge";"jcambridge9l@dropbox.com"
347;"Myrtle";"Noor";"mnoor9m@amazon.co.uk"
348;"Gabriella";"Cantu";"gcantu9n@goo.gl"
349;"Addie";"Jahns";"ajahns9o@princeton.edu"
350;"Wyn";"McOwen";"wmcowen9p@usgs.gov"
351;"Quillan";"Garden";"qgarden9q@buzzfeed.com"
352;"Karlotte";"Dulson";"kdulson9r@is.gd"
353;"Findley";"Brashier";"fbrashier9s@hp.com"
354;"Archibaldo";"Wiltshear";"awiltshear9t@goo.gl"
355;"Leodora";"Pottage";"lpottage9u@t.co"
356;"Cesare";"Chadburn";"cchadburn9v@twitter.com"
357;"Oliy";"Craw";"ocraw9w@bloomberg.com"
358;"Shaughn";"Reddie";"sreddie9x@prnewswire.com"
359;"Cyndy";"Dowtry";"cdowtry9y@bloomberg.com"
360;"Jens";"Goldstein";"jgoldstein9z@rediff.com"
361;"Jade";"McEllen";"jmcellena0@trellian.com"
362;"Amory";"O'Hegertie";"aohegertiea1@domainmarket.com"
363;"Andy";"Blackstock";"ablackstocka2@freewebs.com"
364;"Fran";"Lendrem";"flendrema3@slate.com"
365;"Roxine";"Castille";"rcastillea4@seattletimes.com"
366;"Simon";"Carlisso";"scarlissoa5@lycos.com"
367;"Leilah";"Pettisall";"lpettisalla6@mit.edu"
368;"Brand";"Romei";"bromeia7@accuweather.com"
369;"Gil";"Teffrey";"gteffreya8@fda.gov"
370;"Gar";"McGlaughn";"gmcglaughna9@sphinn.com"
371;"Stacy";"Spreckley";"sspreckleyaa@constantcontact.com"
372;"Fredra";"Dunlap";"fdunlapab@mac.com"
373;"Nickolai";"Schankelborg";"nschankelborgac@usgs.gov"
374;"Nico";"Van der Baaren";"nvanderbaarenad@un.org"
375;"Serge";"Jeffree";"sjeffreeae@free.fr"
376;"Aron";"Stokell";"astokellaf@springer.com"
377;"Christophe";"Voyce";"cvoyceag@bandcamp.com"
378;"Mikael";"Geaney";"mgeaneyah@about.com"
379;"Hyatt";"Bletso";"hbletsoai@weather.com"
380;"Stephannie";"Egentan";"segentanaj@patch.com"
381;"Guillemette";"Wooderson";"gwoodersonak@cisco.com"
382;"Lyon";"Shand";"lshandal@squarespace.com"
383;"Virgie";"Lambard";"vlambardam@sohu.com"
384;"Nathanil";"Jentgens";"njentgensan@phpbb.com"
385;"Byron";"Farrance";"bfarranceao@github.com"
386;"Derrick";"Gammill";"dgammillap@etsy.com"
387;"Shay";"Springell";"sspringellaq@state.tx.us"
388;"Lorne";"Bury";"lburyar@wordpress.org"
389;"Portia";"Impey";"pimpeyas@intel.com"
390;"Brett";"Werner";"bwernerat@weebly.com"
391;"Royce";"Bolus";"rbolusau@nyu.edu"
392;"Shanon";"Hegley";"shegleyav@indiegogo.com"
393;"Alley";"Pyrke";"apyrkeaw@technorati.com"
394;"Obed";"Gawthrop";"ogawthropax@squidoo.com"
395;"Piper";"Dightham";"pdighthamay@simplemachines.org"
396;"Viva";"Hissie";"vhissieaz@blinklist.com"
397;"Farlay";"Habbes";"fhabbesb0@marketwatch.com"
398;"Monah";"Brevitt";"mbrevittb1@ca.gov"
399;"Elyn";"Thirlwell";"ethirlwellb2@thetimes.co.uk"
400;"Nada";"Tinwell";"ntinwellb3@upenn.edu"
401;"Patricio";"McCreery";"pmccreeryb4@chicagotribune.com"
402;"Gareth";"Bosden";"gbosdenb5@cnbc.com"
403;"Doris";"Jocelyn";"djocelynb6@github.com"
404;"Meridith";"Raycroft";"mraycroftb7@nature.com"
405;"Jerry";"Stitt";"jstittb8@vistaprint.com"
406;"Roarke";"Ambroziak";"rambroziakb9@gmpg.org"
407;"Jacquenetta";"Kinde";"jkindeba@nymag.com"
408;"Ted";"Pitson";"tpitsonbb@nymag.com"
409;"Mandie";"Gerrels";"mgerrelsbc@gov.uk"
410;"Zonnya";"Blackledge";"zblackledgebd@nba.com"
411;"Agnes";"Bramsom";"abramsombe@mit.edu"
412;"Julieta";"Critcher";"jcritcherbf@barnesandnoble.com"
413;"Westleigh";"Garratt";"wgarrattbg@webeden.co.uk"
414;"Rob";"MacShirrie";"rmacshirriebh@illinois.edu"
415;"Philomena";"Scoffins";"pscoffinsbi@unicef.org"
416;"Stefanie";"Frondt";"sfrondtbj@studiopress.com"
417;"Kelcey";"Gimeno";"kgimenobk@wisc.edu"
418;"Janey";"Risby";"jrisbybl@ibm.com"
419;"Silvio";"Davenhall";"sdavenhallbm@ifeng.com"
420;"Dee";"Wemyss";"dwemyssbn@vimeo.com"
421;"Kevina";"Antao";"kantaobo@miibeian.gov.cn"
422;"Siegfried";"Culter";"sculterbp@networkadvertising.org"
423;"Hammad";"Hambidge";"hhambidgebq@google.ca"
424;"Laure";"St. Leger";"lstlegerbr@apache.org"
425;"Liesa";"Reay";"lreaybs@noaa.gov"
426;"Tracey";"Luten";"tlutenbt@sourceforge.net"
427;"Roobbie";"Korb";"rkorbbu@surveymonkey.com"
428;"Oran";"Shardlow";"oshardlowbv@disqus.com"
429;"Jerrilyn";"Sysland";"jsyslandbw@diigo.com"
430;"Stephan";"Hymans";"shymansbx@google.es"
431;"Ruperta";"Fauning";"rfauningby@yolasite.com"
432;"Kelci";"Zapata";"kzapatabz@altervista.org"
433;"Sanders";"Dwelly";"sdwellyc0@paypal.com"
434;"Pearle";"Barson";"pbarsonc1@jiathis.com"
435;"Yankee";"Bulmer";"ybulmerc2@shutterfly.com"
436;"Barret";"Statton";"bstattonc3@yellowpages.com"
437;"George";"Manning";"gmanningc4@cornell.edu"
438;"Valerye";"Scaplehorn";"vscaplehornc5@photobucket.com"
439;"Bertie";"Dallimare";"bdallimarec6@bravesites.com"
440;"Cathi";"Nassi";"cnassic7@irs.gov"
441;"Tildie";"Ennew";"tennewc8@hud.gov"
442;"Norrie";"Armit";"narmitc9@posterous.com"
443;"Luce";"Bault";"lbaultca@addthis.com"
444;"Daron";"Solleme";"dsollemecb@house.gov"
445;"Lemar";"Baudts";"lbaudtscc@storify.com"
446;"Vite";"D'Aeth";"vdaethcd@twitter.com"
447;"Godart";"Dilgarno";"gdilgarnoce@tumblr.com"
448;"Mallissa";"Frankiewicz";"mfrankiewiczcf@ed.gov"
449;"Paige";"Navarijo";"pnavarijocg@pbs.org"
450;"Brooks";"Neeves";"bneevesch@bloomberg.com"
451;"Rebecca";"Mallender";"rmallenderci@123-reg.co.uk"
452;"Jobyna";"Semple";"jsemplecj@fotki.com"
453;"Farrell";"Parmenter";"fparmenterck@surveymonkey.com"
454;"Theresa";"Welton";"tweltoncl@facebook.com"
455;"Tuesday";"Jalland";"tjallandcm@linkedin.com"
456;"Silvanus";"Durnford";"sdurnfordcn@rediff.com"
457;"Grannie";"Leban";"glebanco@patch.com"
458;"Muffin";"Bridgewater";"mbridgewatercp@yale.edu"
459;"Beret";"Arpin";"barpincq@xing.com"
460;"Nicholle";"Eva";"nevacr@chron.com"
461;"Kearney";"Brigg";"kbriggcs@rambler.ru"
462;"Creight";"Mahoney";"cmahoneyct@google.fr"
463;"Donalt";"Edworthie";"dedworthiecu@so-net.ne.jp"
464;"Jabez";"Linkin";"jlinkincv@constantcontact.com"
465;"Karney";"Saffill";"ksaffillcw@g.co"
466;"Olivie";"Donoher";"odonohercx@un.org"
467;"Jenica";"Weymouth";"jweymouthcy@amazon.co.uk"
468;"Tabbitha";"Locker";"tlockercz@symantec.com"
469;"Costa";"Le Grove";"clegroved0@nbcnews.com"
470;"Carolina";"McAloren";"cmcalorend1@wordpress.com"
471;"Joceline";"Rainy";"jrainyd2@harvard.edu"
472;"Merrily";"Sooper";"msooperd3@illinois.edu"
473;"Lucho";"Turl";"lturld4@over-blog.com"
474;"Stuart";"Turk";"sturkd5@tiny.cc"
475;"Denys";"Skillett";"dskillettd6@cmu.edu"
476;"Gilbert";"Coumbe";"gcoumbed7@creativecommons.org"
477;"Ethyl";"Spire";"espired8@hao123.com"
478;"Lonna";"Birckmann";"lbirckmannd9@weather.com"
479;"Madelina";"Brundall";"mbrundallda@japanpost.jp"
480;"Julieta";"Oade";"joadedb@constantcontact.com"
481;"Sandra";"Keats";"skeatsdc@addthis.com"
482;"Berny";"Ruspine";"bruspinedd@utexas.edu"
483;"Alison";"Eger";"aegerde@google.com.hk"
484;"Editha";"O' Byrne";"eobyrnedf@ft.com"
485;"Bronson";"Seccombe";"bseccombedg@businesswire.com"
486;"Currie";"Ticksall";"cticksalldh@last.fm"
487;"Hynda";"Arendt";"harendtdi@diigo.com"
488;"Tiphanie";"Gentric";"tgentricdj@soundcloud.com"
489;"Shane";"Kobke";"skobkedk@japanpost.jp"
490;"Perice";"Loade";"ploadedl@washington.edu"
491;"Izabel";"Tyrone";"ityronedm@opensource.org"
492;"Alika";"Helm";"ahelmdn@marriott.com"
493;"Nettle";"Kubera";"nkuberado@vinaora.com"
494;"Nicolis";"Isbell";"nisbelldp@angelfire.com"
495;"Jacinthe";"Eastridge";"jeastridgedq@vkontakte.ru"
496;"Sarita";"Seath";"sseathdr@histats.com"
497;"Philippe";"Adie";"padieds@netscape.com"
498;"Ange";"Cleeves";"acleevesdt@hp.com"
499;"Bertha";"Mutch";"bmutchdu@state.gov"
500;"Lorraine";"McSkeagan";"lmcskeagandv@virginia.edu"
501;"Tarrah";"O'Kinneally";"tokinneallydw@deliciousdays.com"
502;"Austen";"Tregea";"atregeadx@ehow.com"
503;"Jo";"Lecointe";"jlecointedy@spiegel.de"
504;"Caz";"Van den Velde";"cvandenveldedz@infoseek.co.jp"
505;"Verile";"Wyllt";"vwyllte0@noaa.gov"
506;"Dee";"Winterbottom";"dwinterbottome1@ning.com"
507;"Elwood";"Cicero";"eciceroe2@indiatimes.com"
508;"Tristan";"Bisset";"tbissete3@zdnet.com"
509;"Abbye";"Veart";"avearte4@hexun.com"
510;"Rufe";"Newrick";"rnewricke5@google.it"
511;"Bobby";"Binge";"bbingee6@nps.gov"
512;"Wallace";"Herity";"wheritye7@fc2.com"
513;"Beverly";"Owlner";"bowlnere8@netvibes.com"
514;"Saunderson";"Olensby";"solensbye9@geocities.jp"
515;"Jori";"Kalkofen";"jkalkofenea@china.com.cn"
516;"Morganne";"Slemmonds";"mslemmondseb@123-reg.co.uk"
517;"Ninette";"Buggs";"nbuggsec@theguardian.com"
518;"Robbyn";"Vaughan";"rvaughaned@bloomberg.com"
519;"Valdemar";"Carvil";"vcarvilee@fema.gov"
520;"Cull";"McDonnell";"cmcdonnellef@bing.com"
521;"Hilton";"Baudone";"hbaudoneeg@ycombinator.com"
522;"Judas";"Boal";"jboaleh@cbc.ca"
523;"Raynell";"Wardel";"rwardelei@flickr.com"
524;"Lara";"Lacknor";"llacknorej@toplist.cz"
525;"Herc";"Raulstone";"hraulstoneek@livejournal.com"
526;"Barton";"Ricson";"bricsonel@oaic.gov.au"
527;"Hercule";"Perrot";"hperrotem@hud.gov"
528;"Roseann";"Pogosian";"rpogosianen@accuweather.com"
529;"Sebastian";"Scoular";"sscoulareo@google.com.au"
530;"Tymon";"Walbrook";"twalbrookep@prlog.org"
531;"Rozella";"Entwisle";"rentwisleeq@histats.com"
532;"Lotta";"Staining";"lstaininger@dailymail.co.uk"
533;"Carrie";"Cree";"ccreees@barnesandnoble.com"
534;"Shelby";"Handmore";"shandmoreet@jimdo.com"
535;"Vachel";"Kohrs";"vkohrseu@virginia.edu"
536;"Pearla";"Stork";"pstorkev@amazon.co.jp"
537;"Frasquito";"Harsnipe";"fharsnipeew@arizona.edu"
538;"Madelina";"Potbury";"mpotburyex@bing.com"
539;"Alix";"Whieldon";"awhieldoney@disqus.com"
540;"Melisenda";"Mourant";"mmourantez@freewebs.com"
541;"Tabbi";"Loveman";"tlovemanf0@xing.com"
542;"Ana";"Son";"asonf1@timesonline.co.uk"
543;"Sammy";"Kitteringham";"skitteringhamf2@cbsnews.com"
544;"Maggie";"Fidele";"mfidelef3@apache.org"
545;"Sherm";"Van de Castele";"svandecastelef4@webmd.com"
546;"Kally";"Biddwell";"kbiddwellf5@businessweek.com"
547;"Reidar";"Jobbings";"rjobbingsf6@bandcamp.com"
548;"Sherman";"Bicheno";"sbichenof7@fc2.com"
549;"Toddy";"Amaya";"tamayaf8@hud.gov"
550;"Cassie";"Leese";"cleesef9@prlog.org"
551;"Irma";"Le Teve";"iletevefa@ustream.tv"
552;"Blaire";"Snary";"bsnaryfb@technorati.com"
553;"Vito";"Halversen";"vhalversenfc@meetup.com"
554;"Prentice";"Piet";"ppietfd@theatlantic.com"
555;"Jamie";"Storcke";"jstorckefe@google.co.jp"
556;"Annette";"Sloy";"asloyff@loc.gov"
557;"Lindi";"Prestedge";"lprestedgefg@multiply.com"
558;"Amalea";"Twidell";"atwidellfh@nps.gov"
559;"Goran";"O'Hdirscoll";"gohdirscollfi@icio.us"
560;"Hazlett";"Greensite";"hgreensitefj@github.io"
561;"Candi";"Druhan";"cdruhanfk@nydailynews.com"
562;"Tristan";"Vido";"tvidofl@lulu.com"
563;"Phillie";"Wem";"pwemfm@tamu.edu"
564;"Zsazsa";"Obee";"zobeefn@addtoany.com"
565;"Jordan";"Brackpool";"jbrackpoolfo@ning.com"
566;"Brander";"Dupre";"bduprefp@naver.com"
567;"Bili";"Batham";"bbathamfq@csmonitor.com"
568;"Riannon";"Hollyman";"rhollymanfr@google.de"
569;"Reube";"Polkinhorn";"rpolkinhornfs@biblegateway.com"
570;"Jaime";"Joderli";"jjoderlift@cbsnews.com"
571;"Harlin";"Guinn";"hguinnfu@purevolume.com"
572;"Madeline";"Flye";"mflyefv@so-net.ne.jp"
573;"Agnesse";"McCowen";"amccowenfw@illinois.edu"
574;"Aaron";"Riquet";"ariquetfx@weather.com"
575;"Bridgette";"Bettinson";"bbettinsonfy@hp.com"
576;"Maurise";"Scoullar";"mscoullarfz@columbia.edu"
577;"Dawn";"Antrobus";"dantrobusg0@alibaba.com"
578;"Martina";"Rubbens";"mrubbensg1@purevolume.com"
579;"Nana";"Wotton";"nwottong2@cafepress.com"
580;"Torr";"Skin";"tsking3@joomla.org"
581;"Nicoline";"Nunan";"nnunang4@w3.org"
582;"Carmelita";"Hamerton";"chamertong5@zdnet.com"
583;"Walsh";"Sawart";"wsawartg6@bluehost.com"
584;"Davis";"Tremblay";"dtremblayg7@mail.ru"
585;"Charmine";"Mannock";"cmannockg8@icio.us"
586;"Dusty";"Tatham";"dtathamg9@unc.edu"
587;"Maxi";"Burditt";"mburdittga@xing.com"
588;"Madella";"Ricciardo";"mricciardogb@census.gov"
589;"Lizette";"Chawkley";"lchawkleygc@seattletimes.com"
590;"Ramonda";"Geeve";"rgeevegd@imgur.com"
591;"Erika";"O'Hoolahan";"eohoolahange@domainmarket.com"
592;"Anne-corinne";"Kemmer";"akemmergf@fda.gov"
593;"Dorelle";"Hemstead";"dhemsteadgg@europa.eu"
594;"Anthe";"Heigl";"aheiglgh@senate.gov"
595;"Ingeberg";"Decent";"idecentgi@phpbb.com"
596;"Jackqueline";"Simner";"jsimnergj@ihg.com"
597;"Emmalynne";"Frowing";"efrowinggk@slashdot.org"
598;"Sheppard";"McNalley";"smcnalleygl@google.it"
599;"Glad";"Klousner";"gklousnergm@wikispaces.com"
600;"Hershel";"Schustl";"hschustlgn@theatlantic.com"
601;"Rosana";"Bolland";"rbollandgo@scribd.com"
602;"Cristine";"Convery";"cconverygp@sciencedirect.com"
603;"Gradeigh";"Carmichael";"gcarmichaelgq@ucoz.com"
604;"Ailsun";"Baroux";"abarouxgr@google.nl"
605;"Brandais";"Dugan";"bdugangs@miibeian.gov.cn"
606;"Ariella";"Stutte";"astuttegt@dagondesign.com"
607;"Bale";"Gransden";"bgransdengu@a8.net"
608;"Tabby";"Hatherill";"thatherillgv@is.gd"
609;"Kali";"Eliassen";"keliassengw@shutterfly.com"
610;"Desdemona";"Nix";"dnixgx@geocities.jp"
611;"Hillier";"Freiberg";"hfreiberggy@shop-pro.jp"
612;"Fallon";"Blainey";"fblaineygz@slashdot.org"
613;"Brandy";"Huddlestone";"bhuddlestoneh0@craigslist.org"
614;"Josie";"Crissil";"jcrissilh1@163.com"
615;"Waylin";"Hablet";"whableth2@netlog.com"
616;"Layla";"Vlach";"lvlachh3@blogs.com"
617;"Klaus";"Ackred";"kackredh4@infoseek.co.jp"
618;"Zonda";"Clubbe";"zclubbeh5@nba.com"
619;"Tawsha";"McCreagh";"tmccreaghh6@parallels.com"
620;"Luisa";"Crump";"lcrumph7@upenn.edu"
621;"Hannis";"Bardsley";"hbardsleyh8@t.co"
622;"Nicko";"Von Helmholtz";"nvonhelmholtzh9@facebook.com"
623;"Toiboid";"O'Scollee";"toscolleeha@oakley.com"
624;"Burke";"Lefridge";"blefridgehb@unesco.org"
625;"Ellery";"Svanini";"esvaninihc@globo.com"
626;"Thelma";"Gott";"tgotthd@elegantthemes.com"
627;"Morgan";"Haysman";"mhaysmanhe@xing.com"
628;"Giffy";"Greenlies";"ggreenlieshf@comsenz.com"
629;"Chloris";"Clem";"cclemhg@uol.com.br"
630;"Gillan";"Tween";"gtweenhh@ameblo.jp"
631;"Edouard";"McGuiney";"emcguineyhi@t-online.de"
632;"Tomi";"Hanalan";"thanalanhj@wufoo.com"
633;"Shannen";"Rosbotham";"srosbothamhk@exblog.jp"
634;"Hermine";"Clemits";"hclemitshl@ted.com"
635;"Dietrich";"Rosettini";"drosettinihm@cam.ac.uk"
636;"Nico";"Dincey";"ndinceyhn@vinaora.com"
637;"Bibby";"Amthor";"bamthorho@google.co.jp"
638;"Ludvig";"O'Currigan";"locurriganhp@freewebs.com"
639;"Hodge";"Hanne";"hhannehq@bigcartel.com"
640;"Lowrance";"Bloxsum";"lbloxsumhr@digg.com"
641;"Carey";"Richardsson";"crichardssonhs@jalbum.net"
642;"Harrietta";"Pillman";"hpillmanht@house.gov"
643;"Halli";"Bestall";"hbestallhu@reference.com"
644;"Jorrie";"Draysay";"jdraysayhv@cbslocal.com"
645;"Agretha";"Yarnell";"ayarnellhw@go.com"
646;"Ab";"MacCarroll";"amaccarrollhx@linkedin.com"
647;"Daren";"Iliffe";"diliffehy@ezinearticles.com"
648;"Jacinthe";"Phidgin";"jphidginhz@buzzfeed.com"
649;"Harley";"Hawkins";"hhawkinsi0@vimeo.com"
650;"Conrad";"Cereceres";"ccereceresi1@addtoany.com"
651;"Chloris";"Simmon";"csimmoni2@shinystat.com"
652;"Jermayne";"Gaggen";"jgaggeni3@ucla.edu"
653;"Aileen";"Spiniello";"aspinielloi4@uol.com.br"
654;"Glynda";"Chalcroft";"gchalcrofti5@thetimes.co.uk"
655;"Keelby";"Huitson";"khuitsoni6@patch.com"
656;"Dolf";"Elden";"deldeni7@patch.com"
657;"Jeremias";"Johnsee";"jjohnseei8@hp.com"
658;"Berk";"Osborne";"bosbornei9@google.com.hk"
659;"Brandice";"Lepope";"blepopeia@apache.org"
660;"Dahlia";"Suthworth";"dsuthworthib@wufoo.com"
661;"Meggi";"Silley";"msilleyic@marketwatch.com"
662;"Basilio";"Zucker";"bzuckerid@who.int"
663;"Rolando";"Venable";"rvenableie@hexun.com"
664;"Martyn";"Marklin";"mmarklinif@thetimes.co.uk"
665;"Henry";"Batchley";"hbatchleyig@theguardian.com"
666;"Hazel";"Garrison";"hgarrisonih@netvibes.com"
667;"Cordelie";"Poacher";"cpoacherii@hugedomains.com"
668;"Munroe";"Biasetti";"mbiasettiij@cpanel.net"
669;"Farlay";"Gunderson";"fgundersonik@netscape.com"
670;"Gale";"Blanpein";"gblanpeinil@yahoo.com"
671;"Rhys";"Songest";"rsongestim@e-recht24.de"
672;"Mab";"Bracchi";"mbracchiin@comsenz.com"
673;"Reynold";"Hartnup";"rhartnupio@trellian.com"
674;"Vernor";"Putnam";"vputnamip@redcross.org"
675;"Gennie";"Truwert";"gtruwertiq@sourceforge.net"
676;"Giffer";"Hylton";"ghyltonir@bbb.org"
677;"Katya";"Cropton";"kcroptonis@weibo.com"
678;"Sharia";"Melliard";"smelliardit@acquirethisname.com"
679;"Magdaia";"Willerstone";"mwillerstoneiu@tumblr.com"
680;"Malina";"Carbery";"mcarberyiv@canalblog.com"
681;"Elly";"Yes";"eyesiw@g.co"
682;"Mia";"McMillian";"mmcmillianix@buzzfeed.com"
683;"Norbert";"Gaine";"ngaineiy@europa.eu"
684;"Marnia";"Jendricke";"mjendrickeiz@vinaora.com"
685;"Stevena";"Taill";"staillj0@wisc.edu"
686;"Shari";"Balsdon";"sbalsdonj1@multiply.com"
687;"Janaye";"Annesley";"jannesleyj2@gravatar.com"
688;"Rebe";"Skillitt";"rskillittj3@xinhuanet.com"
689;"Bird";"Trownson";"btrownsonj4@webmd.com"
690;"Zeke";"Grierson";"zgriersonj5@g.co"
691;"Sue";"Creagh";"screaghj6@amazonaws.com"
692;"James";"Andres";"jandresj7@alexa.com"
693;"Arlin";"Bailes";"abailesj8@parallels.com"
694;"Des";"Dorning";"ddorningj9@mediafire.com"
695;"Crystie";"Fomichkin";"cfomichkinja@businesswire.com"
696;"Brook";"Ealam";"bealamjb@ebay.co.uk"
697;"Hersh";"Messer";"hmesserjc@washington.edu"
698;"Koo";"Reihm";"kreihmjd@joomla.org"
699;"Daryl";"Mannin";"dmanninje@walmart.com"
700;"Tiffany";"McBoyle";"tmcboylejf@scribd.com"
701;"Darice";"Cashley";"dcashleyjg@mayoclinic.com"
702;"Nathanael";"Jacomb";"njacombjh@independent.co.uk"
703;"Keene";"Hallard";"khallardji@usnews.com"
704;"Hanny";"Rayburn";"hrayburnjj@sohu.com"
705;"Hadrian";"Morad";"hmoradjk@forbes.com"
706;"Hyacintha";"Tissier";"htissierjl@scribd.com"
707;"Milena";"Huscroft";"mhuscroftjm@elpais.com"
708;"Joceline";"Summerskill";"jsummerskilljn@artisteer.com"
709;"Zonda";"Fakeley";"zfakeleyjo@comcast.net"
710;"Eden";"Pyrah";"epyrahjp@pagesperso-orange.fr"
711;"Westbrook";"Emmerson";"wemmersonjq@friendfeed.com"
712;"Donnajean";"Cawcutt";"dcawcuttjr@columbia.edu"
713;"Essy";"Salaman";"esalamanjs@google.es"
714;"Keith";"Niset";"knisetjt@diigo.com"
715;"Hardy";"Labrom";"hlabromju@cocolog-nifty.com"
716;"Humphrey";"Dudleston";"hdudlestonjv@newsvine.com"
717;"Shepard";"Jacobsohn";"sjacobsohnjw@seattletimes.com"
718;"Constance";"Rex";"crexjx@netscape.com"
719;"Erich";"Dainton";"edaintonjy@com.com"
720;"Deana";"Iannetti";"diannettijz@wufoo.com"
721;"Arnuad";"Tomankowski";"atomankowskik0@csmonitor.com"
722;"Timofei";"Tonsley";"ttonsleyk1@hostgator.com"
723;"Skye";"Ortmann";"sortmannk2@moonfruit.com"
724;"Katya";"Dunphy";"kdunphyk3@europa.eu"
725;"Mandel";"Gouldthorp";"mgouldthorpk4@tripadvisor.com"
726;"Brucie";"Messitt";"bmessittk5@japanpost.jp"
727;"Ewan";"Feldstein";"efeldsteink6@harvard.edu"
728;"Gage";"Land";"glandk7@dyndns.org"
729;"Rustin";"Giovannacc@i";"rgiovannaccik8@marriott.com"
730;"Merissa";"Cleeton";"mcleetonk9@newsvine.com"
731;"Andrea";"Keeri";"akeerika@themeforest.net"
732;"Trixi";"Whiffen";"twhiffenkb@tinyurl.com"
733;"Brandie";"Ensten";"benstenkc@delicious.com"
734;"Chiarra";"Zecchinii";"czecchiniikd@usgs.gov"
735;"Nerty";"Piscot";"npiscotke@fotki.com"
736;"Bette";"Farfull";"bfarfullkf@vkontakte.ru"
737;"Berk";"Apthorpe";"bapthorpekg@disqus.com"
738;"Isidora";"Hudspeth";"ihudspethkh@cloudflare.com"
739;"Emmalynne";"Pash";"epashki@about.me"
740;"Rainer";"Ghilardini";"rghilardinikj@mlb.com"
741;"Reid";"Hurle";"rhurlekk@netvibes.com"
742;"Myrilla";"Bentley";"mbentleykl@deviantart.com"
743;"Liana";"Degoe";"ldegoekm@amazonaws.com"
744;"Jehanna";"Luberti";"jlubertikn@goo.gl"
745;"Huey";"Whittington";"hwhittingtonko@vimeo.com"
746;"Brantley";"Hardiman";"bhardimankp@columbia.edu"
747;"Celisse";"Petric";"cpetrickq@ox.ac.uk"
748;"Brandy";"Kingsmill";"bkingsmillkr@pen.io"
749;"Raffarty";"Moreinu";"rmoreinuks@exblog.jp"
750;"Conway";"Strain";"cstrainkt@histats.com"
751;"Sumner";"Calloway";"scallowayku@cdbaby.com"
752;"Lauryn";"Gloyens";"lgloyenskv@tamu.edu"
753;"Lynea";"Brigge";"lbriggekw@blogger.com"
754;"Flynn";"Flear";"fflearkx@nifty.com"
755;"Forrest";"Leatherland";"fleatherlandky@samsung.com"
756;"Evyn";"Mincher";"emincherkz@tripod.com"
757;"Marlena";"Skipsey";"mskipseyl0@privacy.gov.au"
758;"Blair";"Glasman";"bglasmanl1@upenn.edu"
759;"Nikoletta";"Cyster";"ncysterl2@elegantthemes.com"
760;"Clerkclaude";"Boldt";"cboldtl3@ask.com"
761;"Linnea";"Grisedale";"lgrisedalel4@amazon.com"
762;"Bobbee";"Domleo";"bdomleol5@answers.com"
763;"Josiah";"Faireclough";"jfairecloughl6@quantcast.com"
764;"Vevay";"Stickles";"vsticklesl7@un.org"
765;"Cristy";"Cobleigh";"ccobleighl8@sourceforge.net"
766;"Mercy";"Tunnicliff";"mtunnicliffl9@marriott.com"
767;"Dav";"Eplett";"deplettla@washingtonpost.com"
768;"Anthia";"Nickols";"anickolslb@wiley.com"
769;"Merrill";"Tower";"mtowerlc@alibaba.com"
770;"Diena";"Owers";"dowersld@whitehouse.gov"
771;"Dory";"Michelin";"dmichelinle@ox.ac.uk"
772;"Rogerio";"Russ";"rrusslf@msu.edu"
773;"Kandace";"Hirth";"khirthlg@google.cn"
774;"Bernardina";"Paula";"bpaulalh@toplist.cz"
775;"Georgie";"Foddy";"gfoddyli@apache.org"
776;"Vi";"Causon";"vcausonlj@toplist.cz"
777;"Elihu";"Halgarth";"ehalgarthlk@tiny.cc"
778;"Shaylyn";"Busain";"sbusainll@adobe.com"
779;"Chrissy";"Debow";"cdebowlm@linkedin.com"
780;"Osgood";"Tippetts";"otippettsln@cafepress.com"
781;"Melvin";"Copley";"mcopleylo@unicef.org"
782;"Waring";"Rilings";"wrilingslp@godaddy.com"
783;"Pincus";"Blowes";"pbloweslq@hud.gov"
784;"Katheryn";"Mazillius";"kmazilliuslr@walmart.com"
785;"Alfonse";"Twiddy";"atwiddyls@shutterfly.com"
786;"Cristi";"Slaney";"cslaneylt@fc2.com"
787;"Tracie";"Farrer";"tfarrerlu@jugem.jp"
788;"Laura";"Daggett";"ldaggettlv@vimeo.com"
789;"Fenelia";"Toghill";"ftoghilllw@shinystat.com"
790;"Cherise";"Goolding";"cgooldinglx@wunderground.com"
791;"Joly";"Hooks";"jhooksly@toplist.cz"
792;"Riobard";"Kwietak";"rkwietaklz@flavors.me"
793;"Patty";"Haigh";"phaighm0@patch.com"
794;"Mordecai";"Hayto";"mhaytom1@so-net.ne.jp"
795;"Corrinne";"Redsull";"credsullm2@huffingtonpost.com"
796;"Demetrius";"Hanham";"dhanhamm3@soup.io"
797;"Meggi";"Beale";"mbealem4@ocn.ne.jp"
798;"Gretal";"Steadman";"gsteadmanm5@ameblo.jp"
799;"Emily";"Matzen";"ematzenm6@state.tx.us"
800;"Elliott";"Kingswood";"ekingswoodm7@census.gov"
801;"Margaret";"Crasford";"mcrasfordm8@va.gov"
802;"Tawsha";"Tother";"ttotherm9@icq.com"
803;"Wanda";"Matushevich";"wmatushevichma@clickbank.net"
804;"Charissa";"Kevis";"ckevismb@ft.com"
805;"Wylie";"Tregust";"wtregustmc@reverbnation.com"
806;"Emmy";"Rushby";"erushbymd@imgur.com"
807;"Frank";"Twoohy";"ftwoohyme@drupal.org"
808;"Feliza";"Hudd";"fhuddmf@123-reg.co.uk"
809;"Bryan";"Thornewill";"bthornewillmg@paypal.com"
810;"Elnore";"Phebee";"ephebeemh@google.co.uk"
811;"Trip";"Eaddy";"teaddymi@taobao.com"
812;"Amalita";"Adamowitz";"aadamowitzmj@wiley.com"
813;"Annecorinne";"Ingle";"ainglemk@craigslist.org"
814;"Irene";"Seargeant";"iseargeantml@ebay.co.uk"
815;"Murvyn";"Dugan";"mduganmm@skype.com"
816;"Megen";"Egiloff";"megiloffmn@shareasale.com"
817;"Dorrie";"Almey";"dalmeymo@narod.ru"
818;"Cheslie";"Astlett";"castlettmp@ed.gov"
819;"Mireille";"MacAllester";"mmacallestermq@ed.gov"
820;"Andee";"Sarre";"asarremr@devhub.com"
821;"Daphene";"Wichard";"dwichardms@free.fr"
822;"Kaila";"Pixton";"kpixtonmt@amazonaws.com"
823;"Sybyl";"Crossgrove";"scrossgrovemu@umich.edu"
824;"Winny";"Alentyev";"walentyevmv@wp.com"
825;"Lissa";"Covey";"lcoveymw@hhs.gov"
826;"Peta";"Testin";"ptestinmx@xinhuanet.com"
827;"Quinta";"Neilson";"qneilsonmy@msn.com"
828;"Constantia";"Gallichiccio";"cgallichicciomz@dropbox.com"
829;"Roderic";"Vertey";"rverteyn0@sun.com"
830;"Anica";"Bleiman";"ableimann1@earthlink.net"
831;"Ludovika";"Daintrey";"ldaintreyn2@unc.edu"
832;"Nyssa";"Aleavy";"naleavyn3@google.de"
833;"Tawsha";"Normaville";"tnormavillen4@oracle.com"
834;"Diana";"Simeon";"dsimeonn5@google.de"
835;"Wilek";"Flowers";"wflowersn6@chicagotribune.com"
836;"Augustin";"Fairebrother";"afairebrothern7@wisc.edu"
837;"Klara";"Tivolier";"ktivoliern8@goo.gl"
838;"Codee";"Armiger";"carmigern9@time.com"
839;"Eleonora";"Clerk";"eclerkna@spiegel.de"
840;"Jed";"North";"jnorthnb@opera.com"
841;"Wilbert";"Berrill";"wberrillnc@diigo.com"
842;"Noby";"Roon";"nroonnd@wikispaces.com"
843;"Shadow";"Mocker";"smockerne@deliciousdays.com"
844;"Janey";"Posnette";"jposnettenf@dedecms.com"
845;"Gareth";"Rouby";"groubyng@cbsnews.com"
846;"Penelopa";"Ayrton";"payrtonnh@linkedin.com"
847;"Aarika";"Fandrich";"afandrichni@europa.eu"
848;"Casey";"Cocks";"ccocksnj@marriott.com"
849;"Truda";"Kleewein";"tkleeweinnk@wired.com"
850;"Camellia";"Stuckey";"cstuckeynl@mayoclinic.com"
851;"Doe";"Lamberti";"dlambertinm@marriott.com"
852;"Patrica";"Bedome";"pbedomenn@oaic.gov.au"
853;"Lorianne";"Chrishop";"lchrishopno@list-manage.com"
854;"Allie";"Thulborn";"athulbornnp@newyorker.com"
855;"Ashley";"Stepto";"asteptonq@studiopress.com"
856;"Paddy";"Gookey";"pgookeynr@facebook.com"
857;"Isac";"Lougheid";"ilougheidns@tmall.com"
858;"Chelsae";"Cogin";"ccoginnt@mit.edu"
859;"Welbie";"Fyndon";"wfyndonnu@foxnews.com"
860;"Hall";"Fysh";"hfyshnv@virginia.edu"
861;"Rani";"Grono";"rgrononw@shop-pro.jp"
862;"Dianemarie";"Pursey";"dpurseynx@fema.gov"
863;"Bobby";"Pilsbury";"bpilsburyny@google.ca"
864;"Lanni";"Colgrave";"lcolgravenz@pagesperso-orange.fr"
865;"Leigha";"Lowne";"llowneo0@ox.ac.uk"
866;"Garth";"Fridd";"gfriddo1@is.gd"
867;"Maurise";"Cogdon";"mcogdono2@google.ca"
868;"Sylvia";"Hendrick";"shendricko3@sphinn.com"
869;"Wainwright";"Newton";"wnewtono4@eventbrite.com"
870;"Sula";"Clashe";"sclasheo5@sohu.com"
871;"Deonne";"Udy";"dudyo6@ning.com"
872;"Astra";"Regan";"aregano7@epa.gov"
873;"Marnie";"Rawcliff";"mrawcliffo8@biblegateway.com"
874;"Keven";"Treven";"ktreveno9@kickstarter.com"
875;"Gannie";"Usmar";"gusmaroa@joomla.org"
876;"Anthiathia";"Caddock";"acaddockob@europa.eu"
877;"Sissy";"Dilliston";"sdillistonoc@va.gov"
878;"Lizbeth";"Vanyukov";"lvanyukovod@about.com"
879;"Eleanora";"Vesque";"evesqueoe@barnesandnoble.com"
880;"Remy";"McHale";"rmchaleof@studiopress.com"
881;"Gaye";"Chessell";"gchessellog@usnews.com"
882;"Evita";"Vasovic";"evasovicoh@freewebs.com"
883;"Blanca";"Burnup";"bburnupoi@lycos.com"
884;"Rees";"Vannuccinii";"rvannucciniioj@ihg.com"
885;"Bonnee";"Kentish";"bkentishok@google.com.hk"
886;"Ber";"Legerton";"blegertonol@hhs.gov"
887;"Gay";"Hunnicutt";"ghunnicuttom@scientificamerican.com"
888;"Loralyn";"Quirke";"lquirkeon@e-recht24.de"
889;"Gnni";"Bergin";"gberginoo@pen.io"
890;"Yvor";"Lyttle";"ylyttleop@indiegogo.com"
891;"Jamaal";"Behrendsen";"jbehrendsenoq@mozilla.org"
892;"Pauline";"Phonix";"pphonixor@moonfruit.com"
893;"Yurik";"Bruhnke";"ybruhnkeos@gizmodo.com"
894;"Adoree";"Finnis";"afinnisot@archive.org"
895;"Janessa";"Master";"jmasterou@w3.org"
896;"Brigid";"Martinot";"bmartinotov@360.cn"
897;"Aile";"Archanbault";"aarchanbaultow@dion.ne.jp"
898;"Luciano";"Boggs";"lboggsox@nymag.com"
899;"Rosene";"Bateup";"rbateupoy@engadget.com"
900;"Timmi";"Poulson";"tpoulsonoz@ftc.gov"
901;"Sanson";"Shurman";"sshurmanp0@booking.com"
902;"Lalo";"Nern";"lnernp1@tinyurl.com"
903;"Rhodie";"Yvon";"ryvonp2@prweb.com"
904;"Kiah";"Pomfrey";"kpomfreyp3@oracle.com"
905;"Abbey";"McKinley";"amckinleyp4@delicious.com"
906;"Sarge";"Brazil";"sbrazilp5@army.mil"
907;"Euphemia";"Yurkiewicz";"eyurkiewiczp6@archive.org"
908;"Kevyn";"Gorrissen";"kgorrissenp7@arizona.edu"
909;"Clive";"Ringsell";"cringsellp8@ftc.gov"
910;"Wayland";"Dubique";"wdubiquep9@skype.com"
911;"Celie";"Woodstock";"cwoodstockpa@utexas.edu"
912;"Pietra";"McFee";"pmcfeepb@spiegel.de"
913;"Winona";"Tremontana";"wtremontanapc@google.de"
914;"Steffane";"Gotobed";"sgotobedpd@webnode.com"
915;"Sherwood";"Tyrone";"styronepe@census.gov"
916;"Corrina";"Feldmesser";"cfeldmesserpf@gov.uk"
917;"Stoddard";"Maddra";"smaddrapg@unblog.fr"
918;"Loydie";"De Zuani";"ldezuaniph@columbia.edu"
919;"Brandais";"Tilliard";"btilliardpi@purevolume.com"
920;"Etheline";"Murkin";"emurkinpj@vistaprint.com"
921;"Kirby";"Joselson";"kjoselsonpk@clickbank.net"
922;"Quinlan";"Barchrameev";"qbarchrameevpl@godaddy.com"
923;"Melanie";"Degli Abbati";"mdegliabbatipm@so-net.ne.jp"
924;"Etti";"Karolovsky";"ekarolovskypn@wikispaces.com"
925;"Ase";"Capelow";"acapelowpo@liveinternet.ru"
926;"Kort";"Easseby";"keassebypp@webeden.co.uk"
927;"Myrtie";"Blues";"mbluespq@google.ca"
928;"Moll";"Deny";"mdenypr@wunderground.com"
929;"Hewe";"Dunckley";"hdunckleyps@ebay.co.uk"
930;"Nickolas";"Hutchason";"nhutchasonpt@businessweek.com"
931;"Olympie";"Burnyeat";"oburnyeatpu@thetimes.co.uk"
932;"Joshua";"Truscott";"jtruscottpv@elpais.com"
933;"Carleen";"Headon";"cheadonpw@cmu.edu"
934;"Lexie";"MacDonough";"lmacdonoughpx@bbb.org"
935;"Jewel";"Diable";"jdiablepy@etsy.com"
936;"Hendrika";"Silverthorne";"hsilverthornepz@princeton.edu"
937;"Harp";"Mikalski";"hmikalskiq0@dot.gov"
938;"Kristyn";"Harp";"kharpq1@diigo.com"
939;"Suzette";"Titcomb";"stitcombq2@who.int"
940;"Flynn";"Meese";"fmeeseq3@behance.net"
941;"Dahlia";"Matthiae";"dmatthiaeq4@time.com"
942;"Hercules";"Fallanche";"hfallancheq5@nyu.edu"
943;"Taddeo";"Quennell";"tquennellq6@wordpress.com"
944;"Hallsy";"Behneke";"hbehnekeq7@w3.org"
945;"Gael";"Crannach";"gcrannachq8@list-manage.com"
946;"Tina";"Scimoni";"tscimoniq9@paypal.com"
947;"Pasquale";"Grivori";"pgrivoriqa@patch.com"
948;"Gabe";"Chaves";"gchavesqb@ameblo.jp"
949;"Vera";"Jolliss";"vjollissqc@wikipedia.org"
950;"Malina";"Oxtoby";"moxtobyqd@51.la"
951;"Aeriel";"Paolazzi";"apaolazziqe@mail.ru"
952;"Hazel";"McCutcheon";"hmccutcheonqf@ucsd.edu"
953;"Alistair";"Tarpey";"atarpeyqg@skyrock.com"
954;"Myer";"Barajas";"mbarajasqh@eventbrite.com"
955;"Lowe";"Robardey";"lrobardeyqi@cornell.edu"
956;"Clevie";"Janny";"cjannyqj@businessweek.com"
957;"Tucky";"Boggon";"tboggonqk@google.com.br"
958;"Dean";"Oganian";"doganianql@dmoz.org"
959;"Salomo";"Mateja";"smatejaqm@ebay.co.uk"
960;"Rennie";"Levesque";"rlevesqueqn@statcounter.com"
961;"Case";"Cambell";"ccambellqo@unblog.fr"
962;"Addison";"Dymoke";"adymokeqp@phpbb.com"
963;"Sherill";"Yellep";"syellepqq@dailymail.co.uk"
964;"Valdemar";"Paynton";"vpayntonqr@cnbc.com"
965;"Berte";"Goodship";"bgoodshipqs@redcross.org"
966;"Justen";"Reskelly";"jreskellyqt@myspace.com"
967;"Merl";"Karolovsky";"mkarolovskyqu@huffingtonpost.com"
968;"Pearl";"Caze";"pcazeqv@github.io"
969;"Diego";"Lehrmann";"dlehrmannqw@auda.org.au"
970;"Zerk";"Eggerton";"zeggertonqx@bloomberg.com"
971;"Bren";"Thomsson";"bthomssonqy@plala.or.jp"
972;"Jimmy";"Leadley";"jleadleyqz@comcast.net"
973;"Ginger";"Cahn";"gcahnr0@mit.edu"
974;"Doreen";"Eagland";"deaglandr1@purevolume.com"
975;"Karlie";"Swaysland";"kswayslandr2@globo.com"
976;"Ernaline";"Dever";"edeverr3@altervista.org"
977;"Curt";"Jallin";"cjallinr4@jimdo.com"
978;"Vinni";"Jeste";"vjester5@msu.edu"
979;"Maurice";"Brabbins";"mbrabbinsr6@seesaa.net"
980;"Aile";"Johanning";"ajohanningr7@cyberchimps.com"
981;"Cirillo";"Pentlow";"cpentlowr8@seesaa.net"
982;"Clarinda";"Rhodef";"crhodefr9@shutterfly.com"
983;"Talbot";"Eilers";"teilersra@lycos.com"
984;"Melva";"Kibble";"mkibblerb@gravatar.com"
985;"Sonnie";"Hakey";"shakeyrc@vkontakte.ru"
986;"Aguistin";"Gianulli";"agianullird@techcrunch.com"
987;"Shawn";"Cohrs";"scohrsre@va.gov"
988;"Orv";"Digance";"odigancerf@xrea.com"
989;"Flossy";"Riccard";"friccardrg@edublogs.org"
990;"Rod";"Aloshkin";"raloshkinrh@telegraph.co.uk"
991;"Liuka";"Harrhy";"lharrhyri@indiegogo.com"
992;"Flossi";"Bineham";"fbinehamrj@theatlantic.com"
993;"Quillan";"McQuilty";"qmcquiltyrk@prnewswire.com"
994;"Clarabelle";"Allmann";"callmannrl@reverbnation.com"
995;"Erick";"Blezard";"eblezardrm@reverbnation.com"
996;"Germain";"Segges";"gseggesrn@arizona.edu"
997;"Elli";"Hamlen";"ehamlenro@cloudflare.com"
998;"Cecil";"Allard";"callardrp@mapy.cz"
999;"Ashbey";"Tiddeman";"atiddemanrq@imageshack.us"
1000;"Berkie";"Simkovich";"bsimkovichrr@hud.gov"
